<?xml version="1.0" encoding="UTF-8"?>
<project-private xmlns="http://www.netbeans.org/ns/project-private/1">
    <editor-bookmarks xmlns="http://www.netbeans.org/ns/editor-bookmarks/2" lastBookmarkId="0"/>
    <open-files xmlns="http://www.netbeans.org/ns/projectui-open-files/2">
        <group>
            <file>file:/D:/MOB1014/DuAn1/src/repository/RepositoryKhachHang.java</file>
            <file>file:/D:/MOB1014/DuAn1/src/config/DBconnect.java</file>
            <file>file:/D:/MOB1014/DuAn1/src/entity/KhachHang.java</file>
            <file>file:/D:/MOB1014/DuAn1/src/view/ViewKhachHang.java</file>
        </group>
    </open-files>
</project-private>
